{
  "dates": {
    "January 2016": 0.00412,
    "Feburary 2016": 0.00479,
    "March 2016": 0.00477885,
    "April 2016": 0.00495663,
    "May 2016": 0.004686,
    "June 2016": 0.004925
  }
}
